order_id,date,region,product,channel,salesperson,quantity,unit_price,amount,status,customer_id,customer_email,customer_ssn
ORD-0001,2024-01-01,West,Product A,Wholesale,Laura Thomas,1,299.99,299.99,completed,CUS-3891,amanda.brown56@gmail.com,921-71-7704
ORD-0002,2024-01-01,North,Product B,Retail,Alice Johnson,36,149.99,5399.64,completed,CUS-4516,sarah.miller31@gmail.com,636-19-3511
ORD-0003,2024-01-01,North,Product D,Online,John Doe,25,89.99,2249.75,completed,CUS-4340,susan.moore76@gmail.com,243-67-8367
ORD-0004,2024-01-01,South,Product A,Wholesale,Michael Brown,37,299.99,11099.63,refunded,CUS-7410,john.miller22@gmail.com,256-15-7031
ORD-0005,2024-01-02,North,Product C,Online,Laura Thomas,1,499.99,499.99,completed,CUS-1053,ashley.brown1@gmail.com,247-89-3713
ORD-0006,2024-01-02,East,Product A,Wholesale,Michael Brown,15,299.99,4499.85,completed,CUS-3575,john.moore63@gmail.com,189-87-8328
ORD-0007,2024-01-03,West,Product A,Online,Jane Smith,37,299.99,11099.63,completed,CUS-1615,amanda.davis42@gmail.com,637-54-1723
ORD-0008,2024-01-04,North,Product D,Wholesale,James Jackson,13,89.99,1169.87,pending,CUS-6944,chris.smith22@gmail.com,674-76-6555
ORD-0009,2024-01-04,North,Product A,Online,Emily Davis,40,299.99,11999.6,pending,CUS-8404,jessica.williams80@gmail.com,167-35-3506
ORD-0010,2024-01-04,North,Product C,Online,Alice Johnson,8,499.99,3999.92,pending,CUS-1954,ashley.smith17@gmail.com,613-23-6680
ORD-0011,2024-01-05,East,Product C,Wholesale,Laura Thomas,5,499.99,2499.95,refunded,CUS-2629,jessica.taylor13@gmail.com,239-53-7048
ORD-0012,2024-01-06,South,Product A,Online,Michael Brown,9,299.99,2699.91,completed,CUS-7859,john.davis81@gmail.com,880-87-3941
ORD-0013,2024-01-06,North,Product C,Online,Chris Wilson,1,499.99,499.99,pending,CUS-9841,jessica.williams14@gmail.com,709-35-8067
ORD-0014,2024-01-06,West,Product D,Online,Jane Smith,36,89.99,3239.64,completed,CUS-4278,ashley.davis27@gmail.com,915-49-2601
ORD-0015,2024-01-06,East,Product A,Wholesale,Chris Wilson,35,299.99,10499.65,completed,CUS-6455,john.brown35@gmail.com,845-82-7230
ORD-0016,2024-01-08,North,Product D,Wholesale,Alice Johnson,2,89.99,179.98,refunded,CUS-4801,jessica.brown86@gmail.com,178-86-7447
ORD-0017,2024-01-09,East,Product B,Online,Laura Thomas,40,149.99,5999.6,completed,CUS-3561,amanda.smith23@gmail.com,479-11-2299
ORD-0018,2024-01-09,East,Product B,Online,Jane Smith,23,149.99,3449.77,completed,CUS-7539,david.johnson26@gmail.com,798-55-5994
ORD-0019,2024-01-10,South,Product B,Wholesale,Laura Thomas,9,149.99,1349.91,completed,CUS-1370,chris.taylor20@gmail.com,282-21-8489
ORD-0020,2024-01-10,North,Product A,Wholesale,Emily Davis,34,299.99,10199.66,completed,CUS-1857,jessica.davis59@gmail.com,611-87-3831
ORD-0021,2024-01-11,North,Product D,Online,David Anderson,46,89.99,4139.54,completed,CUS-5886,sarah.johnson4@gmail.com,438-43-2532
ORD-0022,2024-01-11,North,Product D,Online,Jane Smith,14,89.99,1259.86,completed,CUS-8485,john.moore14@gmail.com,337-15-2996
ORD-0023,2024-01-11,West,Product B,Online,Chris Wilson,4,149.99,599.96,completed,CUS-1383,matt.miller15@gmail.com,291-31-4089
ORD-0024,2024-01-12,West,Product C,Retail,Alice Johnson,30,499.99,14999.7,completed,CUS-5334,mike.williams81@gmail.com,623-61-6365
ORD-0025,2024-01-12,North,Product B,Wholesale,James Jackson,31,149.99,4649.69,pending,CUS-5290,mike.williams20@gmail.com,833-60-9167
ORD-0026,2024-01-13,North,Product B,Retail,Emily Davis,38,149.99,5699.62,completed,CUS-3725,susan.williams32@gmail.com,170-57-2797
ORD-0027,2024-01-13,North,Product C,Wholesale,David Anderson,11,499.99,5499.89,completed,CUS-7204,amanda.wilson24@gmail.com,183-36-7500
ORD-0028,2024-01-14,North,Product B,Wholesale,James Jackson,35,149.99,5249.65,pending,CUS-7111,john.miller50@gmail.com,915-16-9634
ORD-0029,2024-01-14,West,Product B,Wholesale,John Doe,8,149.99,1199.92,pending,CUS-5251,john.williams32@gmail.com,168-20-1142
ORD-0030,2024-01-16,North,Product C,Wholesale,Emily Davis,3,499.99,1499.97,completed,CUS-1922,susan.davis58@gmail.com,291-12-1534
ORD-0031,2024-01-17,North,Product B,Wholesale,Alice Johnson,14,149.99,2099.86,completed,CUS-3915,chris.jones40@gmail.com,792-46-2032
ORD-0032,2024-01-17,North,Product A,Wholesale,Michael Brown,13,299.99,3899.87,pending,CUS-8957,susan.taylor28@gmail.com,370-12-7085
ORD-0033,2024-01-18,East,Product A,Wholesale,Jane Smith,45,299.99,13499.55,pending,CUS-4046,sarah.williams8@gmail.com,628-35-5500
ORD-0034,2024-01-19,South,Product B,Retail,Laura Thomas,32,149.99,4799.68,completed,CUS-2230,ashley.moore45@gmail.com,939-30-5517
ORD-0035,2024-01-21,East,Product C,Online,Alice Johnson,34,499.99,16999.66,completed,CUS-8647,sarah.wilson71@gmail.com,939-97-3940
ORD-0036,2024-01-22,North,Product B,Online,Jane Smith,45,149.99,6749.55,completed,CUS-5933,ashley.williams57@gmail.com,646-23-8670
ORD-0037,2024-01-23,East,Product C,Retail,James Jackson,19,499.99,9499.81,completed,CUS-4940,mike.taylor18@gmail.com,113-19-4723
ORD-0038,2024-01-23,East,Product B,Retail,Laura Thomas,38,149.99,5699.62,completed,CUS-7483,sarah.brown93@gmail.com,905-43-4240
ORD-0039,2024-01-23,North,Product B,Retail,Sarah Taylor,16,149.99,2399.84,completed,CUS-1203,matt.johnson43@gmail.com,621-26-1882
ORD-0040,2024-01-24,South,Product A,Retail,Chris Wilson,2,299.99,599.98,completed,CUS-1160,matt.brown94@gmail.com,868-21-5611
ORD-0041,2024-01-25,West,Product B,Wholesale,John Doe,40,149.99,5999.6,completed,CUS-9960,jessica.wilson4@gmail.com,496-94-8288
ORD-0042,2024-01-25,West,Product C,Online,Emily Davis,17,499.99,8499.83,completed,CUS-4748,matt.davis32@gmail.com,231-91-3244
ORD-0043,2024-01-26,South,Product D,Wholesale,Alice Johnson,34,89.99,3059.66,pending,CUS-7718,amanda.johnson15@gmail.com,118-11-4083
ORD-0044,2024-01-26,South,Product B,Online,John Doe,42,149.99,6299.58,completed,CUS-3581,ashley.taylor96@gmail.com,180-83-1865
ORD-0045,2024-01-27,West,Product A,Online,Michael Brown,16,299.99,4799.84,completed,CUS-2093,david.brown74@gmail.com,873-17-5732
ORD-0046,2024-02-01,South,Product A,Retail,Jane Smith,38,299.99,11399.62,pending,CUS-5500,susan.davis63@gmail.com,406-20-4518
ORD-0047,2024-02-01,North,Product A,Wholesale,Jane Smith,2,299.99,599.98,completed,CUS-9799,mike.taylor11@gmail.com,540-21-7984
ORD-0048,2024-02-01,West,Product C,Retail,Alice Johnson,2,499.99,999.98,completed,CUS-6710,john.jones63@gmail.com,101-17-2674
ORD-0049,2024-02-01,North,Product A,Wholesale,David Anderson,26,299.99,7799.74,completed,CUS-3875,susan.smith41@gmail.com,735-62-1739
ORD-0050,2024-02-02,South,Product B,Online,David Anderson,13,149.99,1949.87,completed,CUS-4191,mike.brown32@gmail.com,621-94-6127
ORD-0051,2024-02-02,North,Product B,Retail,Sarah Taylor,47,149.99,7049.53,pending,CUS-2837,jessica.wilson70@gmail.com,903-85-6645
ORD-0052,2024-02-03,North,Product A,Retail,Chris Wilson,31,299.99,9299.69,completed,CUS-1689,mike.davis65@gmail.com,851-63-8124
ORD-0053,2024-02-03,North,Product B,Online,Laura Thomas,34,149.99,5099.66,completed,CUS-4759,susan.davis11@gmail.com,953-30-3283
ORD-0054,2024-02-04,East,Product A,Online,Michael Brown,39,299.99,11699.61,completed,CUS-3103,amanda.williams9@gmail.com,405-48-7998
ORD-0055,2024-02-04,North,Product B,Online,John Doe,3,149.99,449.97,completed,CUS-1365,matt.smith18@gmail.com,234-18-6413
ORD-0056,2024-02-05,North,Product A,Retail,David Anderson,8,299.99,2399.92,refunded,CUS-9092,john.moore73@gmail.com,345-70-3603
ORD-0057,2024-02-05,North,Product C,Wholesale,Sarah Taylor,23,499.99,11499.77,completed,CUS-5172,matt.taylor83@gmail.com,941-71-9569
ORD-0058,2024-02-05,South,Product A,Retail,Sarah Taylor,14,299.99,4199.86,completed,CUS-7033,chris.jones87@gmail.com,489-26-9433
ORD-0059,2024-02-05,West,Product D,Wholesale,Alice Johnson,27,89.99,2429.73,completed,CUS-3378,david.johnson25@gmail.com,393-33-6682
ORD-0060,2024-02-06,South,Product B,Retail,Michael Brown,29,149.99,4349.71,completed,CUS-2205,amanda.taylor58@gmail.com,365-81-9084
ORD-0061,2024-02-06,South,Product C,Retail,James Jackson,39,499.99,19499.61,completed,CUS-5988,matt.moore25@gmail.com,347-79-4924
ORD-0062,2024-02-07,West,Product B,Online,Laura Thomas,39,149.99,5849.61,completed,CUS-6669,mike.jones48@gmail.com,156-48-3007
ORD-0063,2024-02-07,South,Product C,Wholesale,Chris Wilson,1,499.99,499.99,completed,CUS-3735,sarah.taylor99@gmail.com,900-68-9119
ORD-0064,2024-02-09,North,Product C,Retail,Emily Davis,17,499.99,8499.83,completed,CUS-9490,chris.brown86@gmail.com,831-66-1755
ORD-0065,2024-02-11,North,Product B,Retail,Alice Johnson,41,149.99,6149.59,completed,CUS-1956,matt.miller81@gmail.com,451-85-6935
ORD-0066,2024-02-12,North,Product B,Online,Laura Thomas,30,149.99,4499.7,completed,CUS-7623,sarah.moore42@gmail.com,397-36-6705
ORD-0067,2024-02-13,South,Product B,Online,Emily Davis,13,149.99,1949.87,completed,CUS-2474,sarah.davis75@gmail.com,209-61-9216
ORD-0068,2024-02-14,South,Product B,Wholesale,Emily Davis,21,149.99,3149.79,pending,CUS-5460,john.williams18@gmail.com,942-32-1737
ORD-0069,2024-02-15,East,Product A,Retail,Michael Brown,19,299.99,5699.81,completed,CUS-8002,mike.brown59@gmail.com,156-61-1231
ORD-0070,2024-02-17,North,Product A,Wholesale,Michael Brown,19,299.99,5699.81,completed,CUS-7396,amanda.davis57@gmail.com,993-96-6918
ORD-0071,2024-02-17,South,Product B,Retail,John Doe,25,149.99,3749.75,completed,CUS-3828,amanda.jones2@gmail.com,675-80-7401
ORD-0072,2024-02-17,East,Product B,Wholesale,Sarah Taylor,22,149.99,3299.78,completed,CUS-3850,amanda.wilson7@gmail.com,629-56-8072
ORD-0073,2024-02-18,South,Product C,Online,Laura Thomas,31,499.99,15499.69,completed,CUS-3964,matt.wilson12@gmail.com,328-93-4874
ORD-0074,2024-02-19,West,Product C,Retail,Alice Johnson,17,499.99,8499.83,completed,CUS-5594,john.smith36@gmail.com,534-27-8933
ORD-0075,2024-02-20,South,Product D,Wholesale,Jane Smith,23,89.99,2069.77,completed,CUS-7644,chris.wilson69@gmail.com,187-81-2565
ORD-0076,2024-02-20,North,Product A,Online,Alice Johnson,32,299.99,9599.68,completed,CUS-3850,amanda.jones28@gmail.com,783-62-9534
ORD-0077,2024-02-21,East,Product A,Online,John Doe,10,299.99,2999.9,pending,CUS-1165,jessica.brown30@gmail.com,535-58-1138
ORD-0078,2024-02-21,South,Product A,Wholesale,Chris Wilson,10,299.99,2999.9,pending,CUS-1919,matt.taylor71@gmail.com,293-67-4235
ORD-0079,2024-02-21,South,Product B,Retail,Sarah Taylor,36,149.99,5399.64,completed,CUS-9305,susan.brown29@gmail.com,260-56-5620
ORD-0080,2024-02-22,South,Product C,Retail,Jane Smith,8,499.99,3999.92,completed,CUS-4504,mike.jones47@gmail.com,907-98-7353
ORD-0081,2024-02-23,South,Product A,Online,David Anderson,20,299.99,5999.8,completed,CUS-1991,susan.williams77@gmail.com,840-28-4381
ORD-0082,2024-02-24,East,Product C,Retail,Chris Wilson,32,499.99,15999.68,completed,CUS-7047,amanda.brown64@gmail.com,819-74-5887
ORD-0083,2024-02-25,North,Product B,Retail,Michael Brown,50,149.99,7499.5,refunded,CUS-4839,chris.miller29@gmail.com,645-62-2927
ORD-0084,2024-02-25,North,Product B,Retail,Emily Davis,14,149.99,2099.86,completed,CUS-2258,susan.moore70@gmail.com,629-66-1004
ORD-0085,2024-02-26,North,Product B,Online,David Anderson,50,149.99,7499.5,completed,CUS-8609,susan.johnson22@gmail.com,509-39-6378
ORD-0086,2024-02-27,East,Product A,Wholesale,Alice Johnson,28,299.99,8399.72,completed,CUS-9706,sarah.brown54@gmail.com,189-67-4326
ORD-0087,2024-02-28,North,Product B,Retail,Alice Johnson,46,149.99,6899.54,completed,CUS-5804,susan.williams87@gmail.com,687-11-2131
ORD-0088,2024-03-02,West,Product B,Online,Michael Brown,24,149.99,3599.76,completed,CUS-1067,sarah.davis93@gmail.com,767-91-6092
ORD-0089,2024-03-03,South,Product A,Online,John Doe,15,299.99,4499.85,completed,CUS-6660,susan.davis52@gmail.com,381-97-7159
ORD-0090,2024-03-03,East,Product B,Wholesale,Laura Thomas,22,149.99,3299.78,completed,CUS-5478,susan.jones73@gmail.com,250-49-9445
ORD-0091,2024-03-04,West,Product A,Retail,David Anderson,30,299.99,8999.7,completed,CUS-9210,matt.williams19@gmail.com,287-82-4044
ORD-0092,2024-03-05,West,Product B,Retail,David Anderson,4,149.99,599.96,completed,CUS-4521,jessica.davis79@gmail.com,496-14-3892
ORD-0093,2024-03-06,West,Product B,Wholesale,James Jackson,13,149.99,1949.87,completed,CUS-1572,david.jones9@gmail.com,268-62-1654
ORD-0094,2024-03-06,South,Product B,Wholesale,Chris Wilson,23,149.99,3449.77,completed,CUS-8082,susan.johnson82@gmail.com,461-16-6159
ORD-0095,2024-03-11,South,Product C,Online,Sarah Taylor,8,499.99,3999.92,completed,CUS-8832,chris.jones87@gmail.com,515-24-4823
ORD-0096,2024-03-12,North,Product A,Online,Chris Wilson,18,299.99,5399.82,completed,CUS-6395,chris.davis58@gmail.com,839-94-7154
ORD-0097,2024-03-15,North,Product C,Wholesale,Laura Thomas,12,499.99,5999.88,completed,CUS-3258,susan.johnson77@gmail.com,719-35-5516
ORD-0098,2024-03-15,South,Product A,Retail,Alice Johnson,31,299.99,9299.69,completed,CUS-7039,amanda.moore95@gmail.com,762-94-7639
ORD-0099,2024-03-15,South,Product A,Online,Alice Johnson,14,299.99,4199.86,refunded,CUS-1650,matt.jones19@gmail.com,336-49-3508
ORD-0100,2024-03-15,North,Product D,Online,Alice Johnson,34,89.99,3059.66,completed,CUS-6741,amanda.williams57@gmail.com,762-25-1989
ORD-0101,2024-03-16,South,Product A,Retail,James Jackson,18,299.99,5399.82,completed,CUS-7838,chris.williams95@gmail.com,288-77-5711
ORD-0102,2024-03-17,West,Product B,Online,Alice Johnson,34,149.99,5099.66,completed,CUS-3587,chris.johnson59@gmail.com,435-40-7964
ORD-0103,2024-03-17,South,Product B,Retail,Laura Thomas,11,149.99,1649.89,completed,CUS-8876,susan.taylor2@gmail.com,973-34-9075
ORD-0104,2024-03-18,East,Product A,Retail,Michael Brown,41,299.99,12299.59,completed,CUS-4262,sarah.wilson17@gmail.com,701-18-4908
ORD-0105,2024-03-18,East,Product A,Retail,Sarah Taylor,12,299.99,3599.88,completed,CUS-2338,matt.brown31@gmail.com,855-63-5379
ORD-0106,2024-03-19,West,Product A,Wholesale,Laura Thomas,49,299.99,14699.51,refunded,CUS-5996,ashley.smith11@gmail.com,411-78-1877
ORD-0107,2024-03-19,East,Product D,Wholesale,Sarah Taylor,15,89.99,1349.85,completed,CUS-6780,matt.brown4@gmail.com,325-86-3665
ORD-0108,2024-03-20,East,Product B,Wholesale,Laura Thomas,31,149.99,4649.69,completed,CUS-3827,matt.taylor50@gmail.com,464-67-3637
ORD-0109,2024-03-20,West,Product A,Retail,Alice Johnson,49,299.99,14699.51,completed,CUS-6232,john.smith75@gmail.com,174-51-9613
ORD-0110,2024-03-21,West,Product B,Retail,Michael Brown,29,149.99,4349.71,completed,CUS-3217,john.brown71@gmail.com,935-62-1544
ORD-0111,2024-03-21,North,Product C,Wholesale,David Anderson,26,499.99,12999.74,pending,CUS-4539,sarah.taylor24@gmail.com,170-65-2223
ORD-0112,2024-03-23,South,Product A,Online,Chris Wilson,18,299.99,5399.82,completed,CUS-8845,susan.williams26@gmail.com,200-60-7520
ORD-0113,2024-03-23,North,Product B,Retail,Emily Davis,32,149.99,4799.68,completed,CUS-5383,ashley.johnson43@gmail.com,754-47-3446
ORD-0114,2024-03-24,North,Product B,Online,Michael Brown,22,149.99,3299.78,pending,CUS-3961,mike.williams27@gmail.com,872-92-5277
ORD-0115,2024-03-24,East,Product D,Online,David Anderson,38,89.99,3419.62,completed,CUS-4226,john.davis66@gmail.com,406-19-6515
ORD-0116,2024-03-27,East,Product A,Retail,John Doe,17,299.99,5099.83,completed,CUS-7837,john.johnson60@gmail.com,103-27-9167
ORD-0117,2024-04-02,West,Product A,Retail,Laura Thomas,23,299.99,6899.77,completed,CUS-8031,jessica.jones38@gmail.com,903-34-5310
ORD-0118,2024-04-02,North,Product A,Online,John Doe,24,299.99,7199.76,completed,CUS-4716,david.taylor60@gmail.com,709-45-5196
ORD-0119,2024-04-03,West,Product B,Online,David Anderson,50,149.99,7499.5,completed,CUS-4414,amanda.wilson97@gmail.com,620-70-5753
ORD-0120,2024-04-04,East,Product A,Wholesale,Michael Brown,8,299.99,2399.92,completed,CUS-2448,ashley.moore42@gmail.com,609-72-9417
ORD-0121,2024-04-04,East,Product B,Wholesale,Laura Thomas,41,149.99,6149.59,completed,CUS-1570,chris.davis80@gmail.com,204-87-9963
ORD-0122,2024-04-05,West,Product C,Retail,Emily Davis,6,499.99,2999.94,completed,CUS-3904,jessica.moore84@gmail.com,960-50-8422
ORD-0123,2024-04-05,East,Product C,Wholesale,Alice Johnson,5,499.99,2499.95,completed,CUS-3505,sarah.moore80@gmail.com,528-59-4407
ORD-0124,2024-04-05,North,Product B,Wholesale,Laura Thomas,44,149.99,6599.56,completed,CUS-1917,sarah.taylor89@gmail.com,687-78-3793
ORD-0125,2024-04-05,West,Product D,Wholesale,Laura Thomas,29,89.99,2609.71,completed,CUS-7982,sarah.wilson73@gmail.com,612-48-3911
ORD-0126,2024-04-06,South,Product B,Wholesale,Michael Brown,28,149.99,4199.72,completed,CUS-8427,amanda.moore10@gmail.com,829-26-3415
ORD-0127,2024-04-07,North,Product B,Online,Michael Brown,11,149.99,1649.89,completed,CUS-7336,david.johnson48@gmail.com,350-97-9098
ORD-0128,2024-04-09,West,Product A,Retail,David Anderson,1,299.99,299.99,completed,CUS-2678,susan.miller60@gmail.com,785-51-9102
ORD-0129,2024-04-10,North,Product D,Wholesale,Jane Smith,43,89.99,3869.57,completed,CUS-1615,sarah.smith51@gmail.com,189-58-6565
ORD-0130,2024-04-12,East,Product A,Online,Laura Thomas,19,299.99,5699.81,completed,CUS-8086,susan.wilson27@gmail.com,393-32-2173
ORD-0131,2024-04-13,South,Product A,Online,Chris Wilson,9,299.99,2699.91,pending,CUS-5749,sarah.moore78@gmail.com,231-58-1835
ORD-0132,2024-04-13,West,Product A,Online,Laura Thomas,27,299.99,8099.73,completed,CUS-4505,sarah.brown28@gmail.com,298-96-5567
ORD-0133,2024-04-14,North,Product B,Wholesale,David Anderson,34,149.99,5099.66,completed,CUS-5529,susan.miller24@gmail.com,843-40-6287
ORD-0134,2024-04-14,West,Product A,Wholesale,Sarah Taylor,44,299.99,13199.56,completed,CUS-2135,chris.taylor78@gmail.com,659-60-6930
ORD-0135,2024-04-14,East,Product A,Retail,John Doe,4,299.99,1199.96,completed,CUS-9566,chris.johnson88@gmail.com,709-64-5784
ORD-0136,2024-04-16,North,Product A,Wholesale,Alice Johnson,36,299.99,10799.64,completed,CUS-8226,sarah.taylor76@gmail.com,479-89-6580
ORD-0137,2024-04-17,South,Product A,Wholesale,Jane Smith,18,299.99,5399.82,pending,CUS-6162,jessica.wilson70@gmail.com,638-77-5573
ORD-0138,2024-04-19,West,Product B,Online,Emily Davis,15,149.99,2249.85,completed,CUS-1206,susan.jones22@gmail.com,519-76-7997
ORD-0139,2024-04-19,South,Product C,Retail,Emily Davis,13,499.99,6499.87,completed,CUS-5875,susan.wilson89@gmail.com,213-58-9779
ORD-0140,2024-04-19,North,Product A,Wholesale,Emily Davis,19,299.99,5699.81,completed,CUS-2319,john.jones20@gmail.com,410-94-2847
ORD-0141,2024-04-21,South,Product B,Wholesale,Michael Brown,49,149.99,7349.51,completed,CUS-2141,sarah.davis67@gmail.com,807-53-8865
ORD-0142,2024-04-21,South,Product C,Online,Emily Davis,6,499.99,2999.94,completed,CUS-5627,matt.brown68@gmail.com,954-62-7811
ORD-0143,2024-04-21,East,Product A,Online,Alice Johnson,48,299.99,14399.52,completed,CUS-8389,chris.wilson78@gmail.com,627-46-8060
ORD-0144,2024-04-22,East,Product A,Wholesale,John Doe,12,299.99,3599.88,completed,CUS-3690,matt.davis12@gmail.com,244-46-5428
ORD-0145,2024-04-22,South,Product D,Retail,Emily Davis,37,89.99,3329.63,completed,CUS-8323,john.miller14@gmail.com,502-39-9236
ORD-0146,2024-04-22,North,Product B,Retail,Laura Thomas,17,149.99,2549.83,completed,CUS-4255,matt.smith41@gmail.com,501-87-5157
ORD-0147,2024-04-23,East,Product A,Online,Laura Thomas,23,299.99,6899.77,completed,CUS-9281,jessica.johnson5@gmail.com,519-93-9210
ORD-0148,2024-04-24,South,Product B,Online,Michael Brown,26,149.99,3899.74,refunded,CUS-6213,susan.miller78@gmail.com,464-53-7571
ORD-0149,2024-04-24,North,Product A,Wholesale,Alice Johnson,29,299.99,8699.71,completed,CUS-5108,john.brown31@gmail.com,216-77-8674
ORD-0150,2024-04-25,West,Product B,Online,John Doe,33,149.99,4949.67,refunded,CUS-4020,mike.smith92@gmail.com,645-75-7468
ORD-0151,2024-04-26,East,Product A,Wholesale,Jane Smith,27,299.99,8099.73,completed,CUS-2857,mike.davis62@gmail.com,154-19-4039
ORD-0152,2024-04-27,East,Product A,Retail,David Anderson,25,299.99,7499.75,pending,CUS-9996,matt.wilson13@gmail.com,141-50-1452
ORD-0153,2024-04-27,West,Product A,Retail,John Doe,10,299.99,2999.9,pending,CUS-3789,susan.williams5@gmail.com,989-19-2381
ORD-0154,2024-04-28,South,Product D,Wholesale,David Anderson,47,89.99,4229.53,completed,CUS-4875,david.davis25@gmail.com,543-60-8572
ORD-0155,2024-05-01,East,Product C,Online,Sarah Taylor,23,499.99,11499.77,completed,CUS-8605,jessica.johnson45@gmail.com,491-74-7747
ORD-0156,2024-05-01,South,Product A,Retail,David Anderson,21,299.99,6299.79,completed,CUS-9135,chris.moore72@gmail.com,980-87-9276
ORD-0157,2024-05-01,North,Product A,Online,Chris Wilson,21,299.99,6299.79,pending,CUS-7055,matt.smith84@gmail.com,129-94-5144
ORD-0158,2024-05-02,South,Product C,Retail,Laura Thomas,43,499.99,21499.57,completed,CUS-4882,matt.miller54@gmail.com,876-26-4129
ORD-0159,2024-05-02,South,Product A,Wholesale,Alice Johnson,13,299.99,3899.87,completed,CUS-8175,ashley.davis90@gmail.com,796-71-3526
ORD-0160,2024-05-03,East,Product A,Wholesale,James Jackson,37,299.99,11099.63,completed,CUS-8129,mike.jones46@gmail.com,919-70-4367
ORD-0161,2024-05-03,North,Product D,Wholesale,Michael Brown,33,89.99,2969.67,refunded,CUS-6021,mike.smith58@gmail.com,777-52-4555
ORD-0162,2024-05-05,North,Product A,Retail,Chris Wilson,24,299.99,7199.76,pending,CUS-5735,chris.smith81@gmail.com,405-42-6111
ORD-0163,2024-05-05,North,Product C,Online,David Anderson,44,499.99,21999.56,refunded,CUS-3387,sarah.jones70@gmail.com,708-71-7364
ORD-0164,2024-05-06,North,Product D,Online,Emily Davis,11,89.99,989.89,completed,CUS-7582,ashley.williams33@gmail.com,654-58-4875
ORD-0165,2024-05-06,East,Product A,Online,Alice Johnson,17,299.99,5099.83,completed,CUS-6866,mike.williams69@gmail.com,477-19-7238
ORD-0166,2024-05-06,North,Product A,Retail,Chris Wilson,4,299.99,1199.96,completed,CUS-3566,susan.jones73@gmail.com,361-66-5992
ORD-0167,2024-05-06,East,Product A,Retail,Michael Brown,47,299.99,14099.53,completed,CUS-1975,matt.jones19@gmail.com,170-67-9283
ORD-0168,2024-05-08,South,Product C,Retail,Laura Thomas,25,499.99,12499.75,completed,CUS-8212,jessica.moore86@gmail.com,226-89-4443
ORD-0169,2024-05-08,South,Product D,Retail,Alice Johnson,30,89.99,2699.7,completed,CUS-2262,susan.brown86@gmail.com,585-63-9347
ORD-0170,2024-05-10,West,Product C,Retail,Michael Brown,9,499.99,4499.91,completed,CUS-6047,mike.wilson72@gmail.com,616-30-6724
ORD-0171,2024-05-10,South,Product A,Online,Sarah Taylor,21,299.99,6299.79,completed,CUS-8382,amanda.taylor26@gmail.com,118-74-2410
ORD-0172,2024-05-11,East,Product C,Retail,Sarah Taylor,20,499.99,9999.8,refunded,CUS-7231,matt.moore20@gmail.com,525-30-8394
ORD-0173,2024-05-13,South,Product D,Retail,Michael Brown,19,89.99,1709.81,completed,CUS-4327,ashley.williams39@gmail.com,844-49-5332
ORD-0174,2024-05-14,South,Product B,Online,Chris Wilson,19,149.99,2849.81,pending,CUS-6630,mike.miller78@gmail.com,154-93-6555
ORD-0175,2024-05-15,West,Product D,Retail,Alice Johnson,12,89.99,1079.88,completed,CUS-3259,amanda.taylor27@gmail.com,783-94-6303
ORD-0176,2024-05-15,North,Product C,Online,Chris Wilson,37,499.99,18499.63,completed,CUS-2257,jessica.johnson43@gmail.com,467-96-6490
ORD-0177,2024-05-15,North,Product C,Online,Jane Smith,42,499.99,20999.58,completed,CUS-1464,mike.davis46@gmail.com,472-86-6616
ORD-0178,2024-05-17,East,Product B,Wholesale,David Anderson,17,149.99,2549.83,completed,CUS-4294,susan.davis42@gmail.com,698-82-1848
ORD-0179,2024-05-18,North,Product A,Wholesale,Jane Smith,37,299.99,11099.63,completed,CUS-7774,john.williams72@gmail.com,608-75-7354
ORD-0180,2024-05-19,West,Product A,Wholesale,Sarah Taylor,48,299.99,14399.52,completed,CUS-8431,susan.davis47@gmail.com,603-16-9894
ORD-0181,2024-05-20,South,Product B,Wholesale,Laura Thomas,39,149.99,5849.61,completed,CUS-2230,ashley.miller11@gmail.com,653-51-1314
ORD-0182,2024-05-22,West,Product A,Retail,John Doe,28,299.99,8399.72,completed,CUS-4805,matt.jones25@gmail.com,887-82-5378
ORD-0183,2024-05-22,East,Product D,Wholesale,David Anderson,41,89.99,3689.59,completed,CUS-7419,amanda.davis12@gmail.com,357-72-6585
ORD-0184,2024-05-25,East,Product D,Online,Sarah Taylor,35,89.99,3149.65,refunded,CUS-6750,mike.brown37@gmail.com,472-80-6670
ORD-0185,2024-05-25,West,Product C,Retail,Chris Wilson,47,499.99,23499.53,completed,CUS-4856,chris.wilson80@gmail.com,647-49-4459
ORD-0186,2024-05-25,South,Product A,Wholesale,Chris Wilson,48,299.99,14399.52,completed,CUS-4135,david.moore54@gmail.com,808-39-1203
ORD-0187,2024-05-26,West,Product A,Online,Chris Wilson,18,299.99,5399.82,completed,CUS-7953,david.jones4@gmail.com,295-97-2992
ORD-0188,2024-05-26,North,Product A,Retail,Laura Thomas,14,299.99,4199.86,completed,CUS-7034,john.miller11@gmail.com,295-60-2687
ORD-0189,2024-05-26,South,Product C,Retail,Jane Smith,35,499.99,17499.65,completed,CUS-5589,jessica.moore87@gmail.com,113-78-6176
ORD-0190,2024-05-26,North,Product C,Wholesale,John Doe,44,499.99,21999.56,completed,CUS-2546,matt.johnson28@gmail.com,822-21-9720
ORD-0191,2024-05-26,South,Product D,Retail,Chris Wilson,41,89.99,3689.59,refunded,CUS-7065,david.taylor25@gmail.com,897-97-6398
ORD-0192,2024-05-28,North,Product B,Online,James Jackson,7,149.99,1049.93,completed,CUS-2094,jessica.williams97@gmail.com,308-10-4406
ORD-0193,2024-06-01,West,Product D,Retail,David Anderson,41,89.99,3689.59,refunded,CUS-3411,susan.williams30@gmail.com,387-18-1919
ORD-0194,2024-06-02,West,Product D,Online,Alice Johnson,13,89.99,1169.87,pending,CUS-3617,john.williams80@gmail.com,799-44-2749
ORD-0195,2024-06-03,West,Product A,Retail,James Jackson,18,299.99,5399.82,completed,CUS-9954,susan.wilson89@gmail.com,894-92-2099
ORD-0196,2024-06-04,North,Product D,Wholesale,John Doe,37,89.99,3329.63,completed,CUS-5145,mike.davis47@gmail.com,759-74-3772
ORD-0197,2024-06-05,East,Product A,Online,Laura Thomas,13,299.99,3899.87,refunded,CUS-3775,chris.davis38@gmail.com,532-10-2545
ORD-0198,2024-06-05,South,Product A,Retail,John Doe,36,299.99,10799.64,completed,CUS-7628,matt.moore7@gmail.com,146-68-6053
ORD-0199,2024-06-06,North,Product B,Retail,Alice Johnson,31,149.99,4649.69,completed,CUS-4155,jessica.smith82@gmail.com,202-95-8194
ORD-0200,2024-06-06,South,Product A,Retail,David Anderson,2,299.99,599.98,refunded,CUS-4970,john.moore74@gmail.com,831-27-1678
ORD-0201,2024-06-07,South,Product B,Online,Alice Johnson,16,149.99,2399.84,completed,CUS-8972,amanda.moore7@gmail.com,181-53-2502
ORD-0202,2024-06-08,East,Product B,Online,Michael Brown,9,149.99,1349.91,completed,CUS-9775,sarah.davis91@gmail.com,865-43-6027
ORD-0203,2024-06-10,South,Product B,Online,David Anderson,9,149.99,1349.91,completed,CUS-6415,susan.smith1@gmail.com,501-47-7654
ORD-0204,2024-06-10,South,Product A,Wholesale,John Doe,38,299.99,11399.62,completed,CUS-5331,chris.johnson4@gmail.com,492-82-8367
ORD-0205,2024-06-11,North,Product B,Wholesale,Chris Wilson,11,149.99,1649.89,completed,CUS-2942,john.jones43@gmail.com,354-60-3594
ORD-0206,2024-06-12,North,Product B,Online,John Doe,22,149.99,3299.78,completed,CUS-7026,jessica.taylor4@gmail.com,693-14-6517
ORD-0207,2024-06-12,North,Product B,Retail,John Doe,33,149.99,4949.67,completed,CUS-9301,john.miller94@gmail.com,831-39-7310
ORD-0208,2024-06-13,West,Product B,Wholesale,David Anderson,36,149.99,5399.64,completed,CUS-1191,sarah.moore61@gmail.com,567-73-4483
ORD-0209,2024-06-15,North,Product A,Online,Michael Brown,45,299.99,13499.55,completed,CUS-1861,mike.wilson24@gmail.com,303-75-7378
ORD-0210,2024-06-15,North,Product B,Retail,John Doe,23,149.99,3449.77,completed,CUS-7711,mike.jones50@gmail.com,817-31-5911
ORD-0211,2024-06-17,North,Product A,Wholesale,James Jackson,45,299.99,13499.55,completed,CUS-1649,susan.moore18@gmail.com,503-47-4382
ORD-0212,2024-06-17,East,Product B,Retail,Sarah Taylor,45,149.99,6749.55,completed,CUS-5134,mike.jones37@gmail.com,167-88-1087
ORD-0213,2024-06-19,West,Product C,Retail,Emily Davis,34,499.99,16999.66,completed,CUS-8587,john.miller48@gmail.com,316-10-6816
ORD-0214,2024-06-21,East,Product B,Retail,Emily Davis,9,149.99,1349.91,completed,CUS-9828,amanda.miller4@gmail.com,450-21-7276
ORD-0215,2024-06-22,East,Product B,Retail,John Doe,24,149.99,3599.76,completed,CUS-2036,jessica.johnson12@gmail.com,719-59-7523
ORD-0216,2024-06-22,South,Product D,Wholesale,James Jackson,8,89.99,719.92,refunded,CUS-5131,susan.johnson90@gmail.com,970-27-7606
ORD-0217,2024-06-23,North,Product C,Wholesale,Chris Wilson,7,499.99,3499.93,completed,CUS-3148,chris.miller1@gmail.com,207-26-6315
ORD-0218,2024-06-24,West,Product D,Wholesale,Laura Thomas,36,89.99,3239.64,completed,CUS-6457,amanda.taylor87@gmail.com,426-71-2502
ORD-0219,2024-06-26,East,Product C,Online,Laura Thomas,18,499.99,8999.82,completed,CUS-7079,amanda.davis70@gmail.com,351-43-1709
ORD-0220,2024-06-27,East,Product A,Wholesale,David Anderson,3,299.99,899.97,completed,CUS-3430,ashley.wilson86@gmail.com,597-54-4250
ORD-0221,2024-06-28,East,Product A,Retail,Emily Davis,28,299.99,8399.72,completed,CUS-2879,mike.brown18@gmail.com,993-43-3603
ORD-0222,2024-06-28,East,Product B,Wholesale,John Doe,6,149.99,899.94,completed,CUS-8542,chris.moore42@gmail.com,882-87-5421
ORD-0223,2024-07-01,East,Product A,Retail,Laura Thomas,44,299.99,13199.56,completed,CUS-3011,john.taylor12@gmail.com,789-41-7082
ORD-0224,2024-07-01,West,Product B,Online,John Doe,44,149.99,6599.56,completed,CUS-4373,jessica.miller9@gmail.com,614-95-9021
ORD-0225,2024-07-02,West,Product A,Retail,David Anderson,21,299.99,6299.79,completed,CUS-8357,jessica.brown76@gmail.com,173-60-1508
ORD-0226,2024-07-05,East,Product B,Retail,Emily Davis,28,149.99,4199.72,completed,CUS-2289,matt.smith62@gmail.com,431-57-5752
ORD-0227,2024-07-06,East,Product C,Retail,Alice Johnson,40,499.99,19999.6,completed,CUS-2447,chris.johnson52@gmail.com,618-22-6495
ORD-0228,2024-07-06,North,Product C,Online,Sarah Taylor,1,499.99,499.99,completed,CUS-4199,matt.brown44@gmail.com,933-13-4209
ORD-0229,2024-07-08,East,Product B,Wholesale,Sarah Taylor,36,149.99,5399.64,completed,CUS-7381,jessica.johnson3@gmail.com,330-97-6648
ORD-0230,2024-07-09,North,Product C,Wholesale,Laura Thomas,21,499.99,10499.79,completed,CUS-8522,matt.johnson38@gmail.com,151-15-8890
ORD-0231,2024-07-10,South,Product B,Online,Sarah Taylor,43,149.99,6449.57,completed,CUS-7059,chris.taylor33@gmail.com,424-83-4557
ORD-0232,2024-07-10,West,Product D,Retail,Alice Johnson,35,89.99,3149.65,completed,CUS-4183,amanda.jones82@gmail.com,615-33-1954
ORD-0233,2024-07-10,South,Product A,Wholesale,John Doe,13,299.99,3899.87,completed,CUS-6462,susan.smith98@gmail.com,582-12-8160
ORD-0234,2024-07-11,South,Product D,Online,David Anderson,49,89.99,4409.51,completed,CUS-4216,ashley.davis66@gmail.com,968-49-1687
ORD-0235,2024-07-11,North,Product C,Wholesale,Alice Johnson,10,499.99,4999.9,completed,CUS-4136,jessica.taylor25@gmail.com,409-44-4127
ORD-0236,2024-07-11,North,Product A,Online,David Anderson,44,299.99,13199.56,completed,CUS-4318,matt.moore85@gmail.com,719-98-4395
ORD-0237,2024-07-12,East,Product A,Retail,David Anderson,47,299.99,14099.53,completed,CUS-3782,matt.miller28@gmail.com,913-87-2164
ORD-0238,2024-07-13,North,Product B,Wholesale,Emily Davis,10,149.99,1499.9,refunded,CUS-8657,mike.miller49@gmail.com,766-15-6904
ORD-0239,2024-07-14,North,Product A,Online,John Doe,46,299.99,13799.54,completed,CUS-5920,david.taylor45@gmail.com,519-90-3024
ORD-0240,2024-07-17,South,Product A,Wholesale,James Jackson,13,299.99,3899.87,completed,CUS-7324,jessica.brown87@gmail.com,869-86-9257
ORD-0241,2024-07-18,East,Product B,Wholesale,Sarah Taylor,37,149.99,5549.63,completed,CUS-7327,chris.taylor53@gmail.com,919-52-3581
ORD-0242,2024-07-19,East,Product B,Wholesale,James Jackson,38,149.99,5699.62,completed,CUS-9417,amanda.miller15@gmail.com,466-64-9418
ORD-0243,2024-07-19,North,Product C,Wholesale,Emily Davis,24,499.99,11999.76,completed,CUS-1776,matt.williams83@gmail.com,543-67-3443
ORD-0244,2024-07-19,South,Product D,Online,David Anderson,2,89.99,179.98,completed,CUS-6208,amanda.williams6@gmail.com,827-78-2036
ORD-0245,2024-07-19,South,Product B,Retail,Laura Thomas,22,149.99,3299.78,completed,CUS-1687,jessica.williams67@gmail.com,908-66-9684
ORD-0246,2024-07-19,East,Product B,Online,Sarah Taylor,17,149.99,2549.83,refunded,CUS-1529,ashley.wilson84@gmail.com,367-22-6065
ORD-0247,2024-07-19,East,Product A,Online,Sarah Taylor,36,299.99,10799.64,completed,CUS-6067,susan.williams85@gmail.com,452-66-7183
ORD-0248,2024-07-20,South,Product C,Online,John Doe,14,499.99,6999.86,refunded,CUS-9080,mike.wilson87@gmail.com,985-89-1639
ORD-0249,2024-07-20,South,Product A,Retail,Michael Brown,10,299.99,2999.9,completed,CUS-6518,mike.moore60@gmail.com,272-44-5354
ORD-0250,2024-07-21,South,Product D,Wholesale,Jane Smith,35,89.99,3149.65,completed,CUS-3153,chris.moore71@gmail.com,987-14-9714
ORD-0251,2024-07-21,West,Product C,Wholesale,Jane Smith,25,499.99,12499.75,completed,CUS-7094,matt.davis98@gmail.com,993-80-3164
ORD-0252,2024-07-23,South,Product B,Wholesale,Jane Smith,3,149.99,449.97,completed,CUS-7974,david.davis24@gmail.com,283-19-4945
ORD-0253,2024-07-25,South,Product A,Retail,Michael Brown,47,299.99,14099.53,completed,CUS-5774,john.brown44@gmail.com,215-43-8746
ORD-0254,2024-07-25,South,Product D,Wholesale,John Doe,38,89.99,3419.62,completed,CUS-8692,john.taylor80@gmail.com,811-40-8754
ORD-0255,2024-07-25,South,Product C,Retail,Michael Brown,17,499.99,8499.83,completed,CUS-4103,ashley.wilson89@gmail.com,336-80-5076
ORD-0256,2024-07-26,East,Product A,Wholesale,Jane Smith,12,299.99,3599.88,completed,CUS-3440,sarah.moore81@gmail.com,165-79-4880
ORD-0257,2024-07-27,South,Product A,Wholesale,Emily Davis,24,299.99,7199.76,completed,CUS-5135,amanda.moore36@gmail.com,546-41-3785
ORD-0258,2024-07-27,East,Product C,Online,Alice Johnson,29,499.99,14499.71,pending,CUS-8124,david.miller43@gmail.com,563-34-7539
ORD-0259,2024-07-27,East,Product A,Retail,David Anderson,43,299.99,12899.57,completed,CUS-6201,jessica.brown43@gmail.com,810-48-6676
ORD-0260,2024-08-01,South,Product D,Online,Michael Brown,25,89.99,2249.75,pending,CUS-1844,david.johnson62@gmail.com,494-79-9060
ORD-0261,2024-08-01,South,Product B,Online,John Doe,36,149.99,5399.64,pending,CUS-1446,sarah.moore92@gmail.com,190-79-2189
ORD-0262,2024-08-01,West,Product A,Online,John Doe,26,299.99,7799.74,pending,CUS-4915,mike.wilson27@gmail.com,741-95-2875
ORD-0263,2024-08-02,South,Product C,Retail,James Jackson,38,499.99,18999.62,completed,CUS-4109,david.wilson96@gmail.com,700-88-4932
ORD-0264,2024-08-02,South,Product A,Retail,Alice Johnson,1,299.99,299.99,completed,CUS-2234,susan.smith68@gmail.com,683-46-9240
ORD-0265,2024-08-02,West,Product B,Wholesale,Laura Thomas,20,149.99,2999.8,refunded,CUS-7587,david.johnson67@gmail.com,151-42-4861
ORD-0266,2024-08-04,North,Product A,Online,Sarah Taylor,28,299.99,8399.72,completed,CUS-1226,amanda.wilson6@gmail.com,725-14-3833
ORD-0267,2024-08-05,North,Product A,Wholesale,Jane Smith,16,299.99,4799.84,completed,CUS-5143,ashley.miller94@gmail.com,265-46-8645
ORD-0268,2024-08-05,South,Product B,Online,Laura Thomas,47,149.99,7049.53,completed,CUS-8185,chris.moore20@gmail.com,854-73-5777
ORD-0269,2024-08-10,West,Product B,Retail,James Jackson,17,149.99,2549.83,completed,CUS-6558,jessica.johnson82@gmail.com,734-57-9273
ORD-0270,2024-08-12,North,Product B,Retail,Jane Smith,40,149.99,5999.6,completed,CUS-1186,sarah.taylor45@gmail.com,186-25-1821
ORD-0271,2024-08-12,North,Product C,Retail,Alice Johnson,28,499.99,13999.72,completed,CUS-3535,sarah.johnson55@gmail.com,457-44-8777
ORD-0272,2024-08-13,North,Product B,Online,James Jackson,12,149.99,1799.88,pending,CUS-2932,mike.williams53@gmail.com,767-11-2932
ORD-0273,2024-08-13,North,Product A,Retail,Jane Smith,27,299.99,8099.73,completed,CUS-3032,amanda.davis45@gmail.com,780-89-6956
ORD-0274,2024-08-13,North,Product A,Online,Alice Johnson,42,299.99,12599.58,pending,CUS-2252,ashley.moore65@gmail.com,474-62-3790
ORD-0275,2024-08-14,South,Product D,Wholesale,Chris Wilson,47,89.99,4229.53,completed,CUS-6509,mike.miller86@gmail.com,400-29-8959
ORD-0276,2024-08-15,South,Product C,Online,Laura Thomas,30,499.99,14999.7,completed,CUS-6074,matt.wilson19@gmail.com,288-67-7636
ORD-0277,2024-08-15,North,Product B,Wholesale,Laura Thomas,41,149.99,6149.59,completed,CUS-2881,sarah.miller92@gmail.com,227-16-1564
ORD-0278,2024-08-15,South,Product A,Online,Sarah Taylor,34,299.99,10199.66,completed,CUS-1269,john.williams28@gmail.com,286-47-3500
ORD-0279,2024-08-16,North,Product A,Wholesale,Alice Johnson,37,299.99,11099.63,pending,CUS-2630,susan.smith37@gmail.com,570-62-7030
ORD-0280,2024-08-16,North,Product C,Retail,Michael Brown,6,499.99,2999.94,completed,CUS-5405,amanda.williams98@gmail.com,323-35-1350
ORD-0281,2024-08-17,South,Product D,Wholesale,Chris Wilson,7,89.99,629.93,completed,CUS-7139,mike.wilson80@gmail.com,246-18-8743
ORD-0282,2024-08-17,East,Product C,Retail,Emily Davis,32,499.99,15999.68,completed,CUS-2574,jessica.miller54@gmail.com,448-63-5732
ORD-0283,2024-08-17,North,Product C,Retail,Jane Smith,32,499.99,15999.68,completed,CUS-2695,jessica.williams60@gmail.com,278-48-8170
ORD-0284,2024-08-18,South,Product C,Wholesale,Chris Wilson,25,499.99,12499.75,completed,CUS-4258,ashley.miller86@gmail.com,163-38-3419
ORD-0285,2024-08-18,North,Product A,Online,Alice Johnson,33,299.99,9899.67,completed,CUS-4262,chris.taylor85@gmail.com,622-67-6322
ORD-0286,2024-08-20,West,Product B,Online,David Anderson,7,149.99,1049.93,completed,CUS-2445,david.moore65@gmail.com,510-30-8718
ORD-0287,2024-08-20,East,Product A,Online,Jane Smith,12,299.99,3599.88,pending,CUS-7263,jessica.miller64@gmail.com,834-55-5161
ORD-0288,2024-08-22,South,Product A,Online,John Doe,16,299.99,4799.84,completed,CUS-9411,matt.miller96@gmail.com,702-45-5042
ORD-0289,2024-08-23,North,Product D,Online,Laura Thomas,16,89.99,1439.84,completed,CUS-1052,sarah.miller79@gmail.com,210-91-9638
ORD-0290,2024-08-24,West,Product B,Retail,Alice Johnson,43,149.99,6449.57,completed,CUS-6570,john.brown57@gmail.com,710-44-4483
ORD-0291,2024-08-25,North,Product B,Online,John Doe,36,149.99,5399.64,completed,CUS-8579,matt.miller91@gmail.com,714-10-8210
ORD-0292,2024-08-25,North,Product A,Retail,Sarah Taylor,13,299.99,3899.87,completed,CUS-2666,sarah.wilson47@gmail.com,585-93-2986
ORD-0293,2024-08-27,South,Product A,Retail,James Jackson,7,299.99,2099.93,completed,CUS-7901,ashley.williams42@gmail.com,802-60-5305
ORD-0294,2024-08-27,North,Product A,Retail,Emily Davis,36,299.99,10799.64,completed,CUS-3785,matt.johnson48@gmail.com,225-73-1969
ORD-0295,2024-09-01,West,Product A,Wholesale,Emily Davis,47,299.99,14099.53,refunded,CUS-1719,susan.davis91@gmail.com,680-18-2211
ORD-0296,2024-09-01,East,Product B,Wholesale,John Doe,9,149.99,1349.91,completed,CUS-9597,david.brown57@gmail.com,329-70-4185
ORD-0297,2024-09-02,North,Product A,Retail,Laura Thomas,32,299.99,9599.68,completed,CUS-7855,chris.taylor40@gmail.com,175-45-1501
ORD-0298,2024-09-03,South,Product B,Wholesale,Sarah Taylor,11,149.99,1649.89,completed,CUS-3294,john.miller20@gmail.com,184-58-4566
ORD-0299,2024-09-03,West,Product A,Online,David Anderson,8,299.99,2399.92,completed,CUS-9263,chris.davis92@gmail.com,937-58-1386
ORD-0300,2024-09-03,West,Product A,Online,Laura Thomas,33,299.99,9899.67,completed,CUS-5482,john.moore66@gmail.com,488-70-4052
ORD-0301,2024-09-04,East,Product A,Retail,Chris Wilson,23,299.99,6899.77,completed,CUS-1698,david.taylor41@gmail.com,445-35-5366
ORD-0302,2024-09-04,West,Product B,Online,Emily Davis,25,149.99,3749.75,pending,CUS-8243,jessica.moore38@gmail.com,222-25-4727
ORD-0303,2024-09-05,West,Product C,Retail,Chris Wilson,8,499.99,3999.92,pending,CUS-6918,jessica.johnson40@gmail.com,520-12-5958
ORD-0304,2024-09-05,East,Product B,Retail,Jane Smith,45,149.99,6749.55,pending,CUS-1348,mike.miller99@gmail.com,624-89-1148
ORD-0305,2024-09-05,North,Product B,Online,Michael Brown,22,149.99,3299.78,completed,CUS-6374,john.wilson19@gmail.com,933-63-4749
ORD-0306,2024-09-06,South,Product C,Wholesale,Alice Johnson,4,499.99,1999.96,completed,CUS-8869,sarah.smith88@gmail.com,189-67-9186
ORD-0307,2024-09-07,West,Product A,Online,Sarah Taylor,40,299.99,11999.6,completed,CUS-1307,mike.smith25@gmail.com,457-55-6336
ORD-0308,2024-09-08,North,Product A,Online,Laura Thomas,3,299.99,899.97,pending,CUS-4416,john.johnson89@gmail.com,555-17-6728
ORD-0309,2024-09-08,West,Product C,Retail,Emily Davis,29,499.99,14499.71,completed,CUS-5820,sarah.williams23@gmail.com,728-80-9677
ORD-0310,2024-09-08,North,Product B,Retail,Chris Wilson,41,149.99,6149.59,pending,CUS-4558,mike.moore16@gmail.com,632-81-2982
ORD-0311,2024-09-09,North,Product A,Retail,James Jackson,29,299.99,8699.71,completed,CUS-5478,jessica.williams73@gmail.com,952-73-3311
ORD-0312,2024-09-09,South,Product D,Retail,Jane Smith,34,89.99,3059.66,completed,CUS-7531,john.taylor19@gmail.com,157-55-1604
ORD-0313,2024-09-10,North,Product C,Wholesale,Alice Johnson,34,499.99,16999.66,completed,CUS-5620,john.johnson80@gmail.com,876-24-6785
ORD-0314,2024-09-11,West,Product A,Wholesale,Alice Johnson,28,299.99,8399.72,completed,CUS-3985,ashley.miller18@gmail.com,493-38-5597
ORD-0315,2024-09-13,West,Product B,Wholesale,Laura Thomas,13,149.99,1949.87,completed,CUS-9112,sarah.moore45@gmail.com,691-45-8532
ORD-0316,2024-09-13,East,Product B,Retail,Sarah Taylor,15,149.99,2249.85,completed,CUS-9467,jessica.brown70@gmail.com,985-46-1838
ORD-0317,2024-09-13,East,Product B,Retail,David Anderson,23,149.99,3449.77,completed,CUS-3547,david.miller31@gmail.com,506-50-4815
ORD-0318,2024-09-15,North,Product A,Retail,James Jackson,44,299.99,13199.56,completed,CUS-1336,amanda.taylor30@gmail.com,192-89-5709
ORD-0319,2024-09-15,South,Product A,Wholesale,Laura Thomas,26,299.99,7799.74,completed,CUS-3979,david.jones18@gmail.com,511-57-5773
ORD-0320,2024-09-15,South,Product B,Retail,Chris Wilson,4,149.99,599.96,completed,CUS-4968,ashley.jones73@gmail.com,258-23-5468
ORD-0321,2024-09-16,South,Product B,Online,Michael Brown,26,149.99,3899.74,completed,CUS-1910,susan.wilson9@gmail.com,324-82-4320
ORD-0322,2024-09-16,North,Product C,Online,John Doe,40,499.99,19999.6,completed,CUS-2996,david.taylor4@gmail.com,610-97-4673
ORD-0323,2024-09-18,South,Product C,Retail,David Anderson,9,499.99,4499.91,completed,CUS-4129,john.williams52@gmail.com,640-60-2840
ORD-0324,2024-09-19,South,Product A,Online,Sarah Taylor,5,299.99,1499.95,completed,CUS-6447,chris.miller5@gmail.com,319-81-1726
ORD-0325,2024-09-23,West,Product B,Online,Jane Smith,32,149.99,4799.68,completed,CUS-7129,susan.johnson2@gmail.com,320-14-7697
ORD-0326,2024-09-23,West,Product A,Wholesale,David Anderson,20,299.99,5999.8,completed,CUS-6850,susan.taylor74@gmail.com,746-51-1282
ORD-0327,2024-09-24,South,Product B,Retail,Emily Davis,50,149.99,7499.5,completed,CUS-5204,david.wilson67@gmail.com,157-55-3881
ORD-0328,2024-09-24,East,Product C,Retail,Sarah Taylor,11,499.99,5499.89,completed,CUS-8446,david.brown11@gmail.com,636-82-3970
ORD-0329,2024-09-24,East,Product A,Wholesale,Michael Brown,15,299.99,4499.85,refunded,CUS-9519,mike.brown42@gmail.com,228-96-7985
ORD-0330,2024-09-24,North,Product B,Online,Emily Davis,32,149.99,4799.68,completed,CUS-1314,susan.wilson13@gmail.com,525-61-5760
ORD-0331,2024-09-26,West,Product A,Online,David Anderson,28,299.99,8399.72,completed,CUS-2134,chris.taylor73@gmail.com,793-76-9828
ORD-0332,2024-09-26,West,Product A,Retail,John Doe,22,299.99,6599.78,completed,CUS-5876,susan.miller2@gmail.com,413-79-1564
ORD-0333,2024-09-26,South,Product A,Online,John Doe,41,299.99,12299.59,refunded,CUS-9102,jessica.wilson60@gmail.com,677-67-4670
ORD-0334,2024-09-26,South,Product A,Wholesale,Michael Brown,17,299.99,5099.83,completed,CUS-9347,matt.miller40@gmail.com,101-85-1804
ORD-0335,2024-09-26,North,Product D,Wholesale,Alice Johnson,26,89.99,2339.74,completed,CUS-6592,matt.brown23@gmail.com,503-33-2235
ORD-0336,2024-09-27,South,Product B,Retail,James Jackson,44,149.99,6599.56,pending,CUS-2724,amanda.williams69@gmail.com,676-74-7906
ORD-0337,2024-09-28,North,Product A,Wholesale,Jane Smith,7,299.99,2099.93,completed,CUS-4343,matt.moore31@gmail.com,996-12-5141
ORD-0338,2024-10-01,West,Product B,Wholesale,Alice Johnson,42,149.99,6299.58,pending,CUS-1886,sarah.jones55@gmail.com,922-84-6335
ORD-0339,2024-10-01,North,Product A,Retail,John Doe,26,299.99,7799.74,completed,CUS-1721,john.johnson25@gmail.com,591-54-9089
ORD-0340,2024-10-01,North,Product D,Wholesale,John Doe,25,89.99,2249.75,refunded,CUS-8678,amanda.miller92@gmail.com,944-74-6577
ORD-0341,2024-10-01,West,Product B,Wholesale,Chris Wilson,10,149.99,1499.9,completed,CUS-4357,amanda.miller70@gmail.com,646-33-7683
ORD-0342,2024-10-02,East,Product C,Wholesale,Emily Davis,45,499.99,22499.55,completed,CUS-1870,mike.taylor99@gmail.com,583-89-3063
ORD-0343,2024-10-03,North,Product A,Online,David Anderson,19,299.99,5699.81,completed,CUS-7751,sarah.davis84@gmail.com,670-90-2294
ORD-0344,2024-10-04,North,Product B,Retail,Jane Smith,11,149.99,1649.89,completed,CUS-1497,chris.williams86@gmail.com,860-20-9014
ORD-0345,2024-10-04,North,Product B,Retail,Michael Brown,13,149.99,1949.87,completed,CUS-2756,mike.wilson68@gmail.com,829-77-2322
ORD-0346,2024-10-04,East,Product C,Retail,David Anderson,8,499.99,3999.92,pending,CUS-2117,david.miller35@gmail.com,936-22-3441
ORD-0347,2024-10-05,North,Product A,Online,Chris Wilson,40,299.99,11999.6,pending,CUS-3828,matt.smith83@gmail.com,174-91-9488
ORD-0348,2024-10-05,South,Product A,Online,John Doe,4,299.99,1199.96,completed,CUS-2647,jessica.jones7@gmail.com,277-96-4787
ORD-0349,2024-10-06,West,Product D,Retail,Michael Brown,47,89.99,4229.53,pending,CUS-7992,mike.smith89@gmail.com,106-58-3208
ORD-0350,2024-10-08,North,Product B,Online,John Doe,31,149.99,4649.69,completed,CUS-7771,jessica.wilson51@gmail.com,968-57-8169
ORD-0351,2024-10-08,West,Product A,Retail,Jane Smith,28,299.99,8399.72,completed,CUS-1142,ashley.johnson92@gmail.com,994-80-2667
ORD-0352,2024-10-08,West,Product A,Online,Emily Davis,11,299.99,3299.89,completed,CUS-3761,susan.williams42@gmail.com,375-45-2823
ORD-0353,2024-10-08,North,Product D,Wholesale,David Anderson,43,89.99,3869.57,completed,CUS-4435,john.miller27@gmail.com,127-86-4072
ORD-0354,2024-10-09,West,Product A,Wholesale,David Anderson,1,299.99,299.99,completed,CUS-7622,amanda.johnson36@gmail.com,287-65-1546
ORD-0355,2024-10-09,South,Product C,Retail,Alice Johnson,49,499.99,24499.51,completed,CUS-8069,david.davis24@gmail.com,211-39-3083
ORD-0356,2024-10-09,West,Product C,Online,Michael Brown,47,499.99,23499.53,pending,CUS-5512,sarah.miller6@gmail.com,538-98-2849
ORD-0357,2024-10-11,South,Product A,Online,James Jackson,38,299.99,11399.62,completed,CUS-2848,david.miller81@gmail.com,694-74-5402
ORD-0358,2024-10-11,East,Product C,Wholesale,Chris Wilson,24,499.99,11999.76,pending,CUS-3696,ashley.taylor98@gmail.com,633-97-1618
ORD-0359,2024-10-11,South,Product A,Wholesale,James Jackson,47,299.99,14099.53,completed,CUS-2717,mike.davis61@gmail.com,208-62-6795
ORD-0360,2024-10-11,West,Product A,Online,Alice Johnson,31,299.99,9299.69,completed,CUS-4072,mike.taylor48@gmail.com,167-45-8633
ORD-0361,2024-10-13,East,Product C,Online,Jane Smith,41,499.99,20499.59,completed,CUS-3786,chris.davis56@gmail.com,533-89-8848
ORD-0362,2024-10-13,South,Product D,Online,Chris Wilson,46,89.99,4139.54,pending,CUS-4791,matt.wilson51@gmail.com,633-75-2044
ORD-0363,2024-10-13,West,Product B,Online,Emily Davis,50,149.99,7499.5,completed,CUS-4871,susan.davis59@gmail.com,711-53-2582
ORD-0364,2024-10-14,North,Product B,Online,James Jackson,26,149.99,3899.74,completed,CUS-2806,matt.moore1@gmail.com,138-38-5917
ORD-0365,2024-10-15,North,Product A,Online,Emily Davis,49,299.99,14699.51,completed,CUS-2504,ashley.wilson68@gmail.com,701-94-8503
ORD-0366,2024-10-15,North,Product A,Retail,James Jackson,50,299.99,14999.5,completed,CUS-4308,mike.williams7@gmail.com,287-40-6362
ORD-0367,2024-10-15,North,Product A,Online,Emily Davis,5,299.99,1499.95,completed,CUS-8117,john.davis71@gmail.com,172-87-7704
ORD-0368,2024-10-15,North,Product A,Wholesale,James Jackson,20,299.99,5999.8,completed,CUS-6048,matt.moore75@gmail.com,200-11-6875
ORD-0369,2024-10-15,West,Product A,Retail,Emily Davis,41,299.99,12299.59,completed,CUS-9263,amanda.brown33@gmail.com,275-23-8226
ORD-0370,2024-10-15,North,Product A,Online,Alice Johnson,11,299.99,3299.89,completed,CUS-2690,sarah.jones37@gmail.com,964-67-7073
ORD-0371,2024-10-16,East,Product A,Wholesale,Sarah Taylor,33,299.99,9899.67,completed,CUS-4303,david.smith99@gmail.com,594-60-2537
ORD-0372,2024-10-17,North,Product A,Retail,Chris Wilson,50,299.99,14999.5,completed,CUS-4113,chris.williams47@gmail.com,854-50-8396
ORD-0373,2024-10-17,West,Product B,Wholesale,Michael Brown,38,149.99,5699.62,completed,CUS-8850,mike.jones14@gmail.com,693-25-6507
ORD-0374,2024-10-18,West,Product C,Online,Jane Smith,27,499.99,13499.73,completed,CUS-7416,john.wilson23@gmail.com,239-38-6510
ORD-0375,2024-10-18,South,Product A,Online,Laura Thomas,34,299.99,10199.66,pending,CUS-2504,sarah.johnson78@gmail.com,369-21-9697
ORD-0376,2024-10-19,West,Product D,Online,John Doe,15,89.99,1349.85,completed,CUS-9924,sarah.davis27@gmail.com,205-41-4145
ORD-0377,2024-10-22,North,Product D,Online,Michael Brown,32,89.99,2879.68,completed,CUS-4924,sarah.jones8@gmail.com,270-90-9553
ORD-0378,2024-10-22,East,Product A,Retail,John Doe,21,299.99,6299.79,completed,CUS-9615,mike.moore98@gmail.com,748-58-5067
ORD-0379,2024-10-22,North,Product C,Retail,Chris Wilson,46,499.99,22999.54,completed,CUS-5485,ashley.wilson96@gmail.com,199-27-8281
ORD-0380,2024-10-23,West,Product B,Wholesale,Michael Brown,5,149.99,749.95,completed,CUS-9100,susan.smith13@gmail.com,561-34-7533
ORD-0381,2024-10-23,North,Product B,Online,Emily Davis,6,149.99,899.94,completed,CUS-9684,john.johnson62@gmail.com,731-51-4932
ORD-0382,2024-10-23,South,Product A,Wholesale,Emily Davis,38,299.99,11399.62,completed,CUS-1191,david.johnson82@gmail.com,359-91-6560
ORD-0383,2024-10-24,East,Product B,Retail,Laura Thomas,22,149.99,3299.78,pending,CUS-9690,jessica.miller93@gmail.com,271-89-1074
ORD-0384,2024-10-27,North,Product A,Online,John Doe,18,299.99,5399.82,completed,CUS-5917,matt.moore38@gmail.com,369-12-5157
ORD-0385,2024-10-28,North,Product B,Online,Jane Smith,14,149.99,2099.86,completed,CUS-6831,ashley.davis2@gmail.com,973-73-3149
ORD-0386,2024-10-28,North,Product B,Retail,Chris Wilson,10,149.99,1499.9,completed,CUS-5322,john.brown78@gmail.com,528-91-7713
ORD-0387,2024-10-28,North,Product C,Retail,Emily Davis,46,499.99,22999.54,completed,CUS-7999,david.wilson94@gmail.com,211-98-8141
ORD-0388,2024-10-28,South,Product B,Retail,Sarah Taylor,13,149.99,1949.87,completed,CUS-8282,susan.brown61@gmail.com,560-77-4936
ORD-0389,2024-11-02,North,Product C,Retail,Alice Johnson,31,499.99,15499.69,completed,CUS-2874,chris.davis35@gmail.com,191-61-4876
ORD-0390,2024-11-03,South,Product A,Retail,Alice Johnson,30,299.99,8999.7,completed,CUS-5763,chris.johnson43@gmail.com,619-53-8265
ORD-0391,2024-11-04,North,Product A,Online,James Jackson,3,299.99,899.97,completed,CUS-9464,john.taylor2@gmail.com,335-14-5652
ORD-0392,2024-11-05,East,Product C,Retail,Jane Smith,30,499.99,14999.7,completed,CUS-2051,susan.brown39@gmail.com,748-41-8456
ORD-0393,2024-11-05,North,Product A,Online,Alice Johnson,6,299.99,1799.94,completed,CUS-8538,sarah.davis81@gmail.com,737-76-1541
ORD-0394,2024-11-06,North,Product A,Online,James Jackson,29,299.99,8699.71,completed,CUS-8411,matt.moore69@gmail.com,213-85-5569
ORD-0395,2024-11-06,North,Product A,Retail,John Doe,8,299.99,2399.92,completed,CUS-7320,chris.jones64@gmail.com,796-39-7041
ORD-0396,2024-11-06,South,Product A,Retail,Emily Davis,44,299.99,13199.56,refunded,CUS-3105,mike.moore37@gmail.com,485-71-5675
ORD-0397,2024-11-07,West,Product D,Online,Emily Davis,45,89.99,4049.55,completed,CUS-1307,ashley.moore69@gmail.com,636-60-2164
ORD-0398,2024-11-07,South,Product B,Retail,Sarah Taylor,43,149.99,6449.57,completed,CUS-8737,amanda.moore66@gmail.com,842-53-3722
ORD-0399,2024-11-08,North,Product D,Retail,Michael Brown,44,89.99,3959.56,pending,CUS-4359,david.jones86@gmail.com,410-96-2468
ORD-0400,2024-11-08,East,Product B,Retail,Alice Johnson,33,149.99,4949.67,completed,CUS-4176,jessica.davis34@gmail.com,857-50-9363
ORD-0401,2024-11-08,East,Product B,Wholesale,John Doe,17,149.99,2549.83,completed,CUS-2251,matt.davis97@gmail.com,675-40-6073
ORD-0402,2024-11-08,North,Product A,Online,David Anderson,48,299.99,14399.52,completed,CUS-6366,sarah.miller65@gmail.com,944-78-9249
ORD-0403,2024-11-09,East,Product B,Wholesale,Alice Johnson,11,149.99,1649.89,completed,CUS-2517,john.smith88@gmail.com,205-53-2353
ORD-0404,2024-11-09,West,Product A,Retail,Jane Smith,13,299.99,3899.87,completed,CUS-7226,susan.jones82@gmail.com,867-65-9874
ORD-0405,2024-11-10,North,Product D,Wholesale,Michael Brown,50,89.99,4499.5,completed,CUS-6305,john.taylor55@gmail.com,482-98-8329
ORD-0406,2024-11-10,East,Product C,Retail,Alice Johnson,11,499.99,5499.89,completed,CUS-6869,susan.davis62@gmail.com,385-80-2790
ORD-0407,2024-11-12,East,Product A,Wholesale,John Doe,31,299.99,9299.69,completed,CUS-9039,sarah.miller88@gmail.com,553-64-4906
ORD-0408,2024-11-13,South,Product D,Retail,Alice Johnson,28,89.99,2519.72,refunded,CUS-5891,ashley.smith13@gmail.com,496-12-3073
ORD-0409,2024-11-13,North,Product C,Wholesale,Jane Smith,44,499.99,21999.56,completed,CUS-5992,ashley.johnson54@gmail.com,412-33-6317
ORD-0410,2024-11-14,North,Product C,Wholesale,David Anderson,6,499.99,2999.94,completed,CUS-2961,john.brown43@gmail.com,910-69-7841
ORD-0411,2024-11-14,West,Product A,Wholesale,Chris Wilson,41,299.99,12299.59,refunded,CUS-3863,matt.taylor81@gmail.com,916-51-3032
ORD-0412,2024-11-14,West,Product B,Online,Laura Thomas,16,149.99,2399.84,completed,CUS-7603,sarah.miller54@gmail.com,583-75-8129
ORD-0413,2024-11-14,East,Product B,Wholesale,David Anderson,4,149.99,599.96,refunded,CUS-5567,mike.taylor98@gmail.com,757-94-3147
ORD-0414,2024-11-15,South,Product A,Online,James Jackson,35,299.99,10499.65,completed,CUS-7513,amanda.jones67@gmail.com,715-61-6677
ORD-0415,2024-11-15,East,Product A,Retail,Alice Johnson,48,299.99,14399.52,completed,CUS-5005,matt.wilson18@gmail.com,655-31-8866
ORD-0416,2024-11-15,South,Product C,Wholesale,Emily Davis,26,499.99,12999.74,completed,CUS-1183,amanda.miller40@gmail.com,725-39-5920
ORD-0417,2024-11-15,South,Product A,Retail,Sarah Taylor,12,299.99,3599.88,completed,CUS-8755,jessica.davis65@gmail.com,978-82-8282
ORD-0418,2024-11-18,North,Product B,Retail,Emily Davis,11,149.99,1649.89,completed,CUS-4358,susan.smith52@gmail.com,375-34-5868
ORD-0419,2024-11-18,West,Product D,Wholesale,David Anderson,37,89.99,3329.63,refunded,CUS-7615,sarah.brown90@gmail.com,942-88-5423
ORD-0420,2024-11-19,South,Product D,Online,Emily Davis,25,89.99,2249.75,completed,CUS-7797,david.taylor51@gmail.com,310-96-9159
ORD-0421,2024-11-19,East,Product A,Wholesale,John Doe,18,299.99,5399.82,completed,CUS-9728,ashley.williams70@gmail.com,125-36-1701
ORD-0422,2024-11-20,North,Product D,Retail,Emily Davis,19,89.99,1709.81,pending,CUS-8678,susan.wilson27@gmail.com,182-59-7825
ORD-0423,2024-11-21,North,Product A,Retail,Michael Brown,23,299.99,6899.77,completed,CUS-6698,jessica.wilson65@gmail.com,512-48-8867
ORD-0424,2024-11-22,North,Product A,Wholesale,Chris Wilson,38,299.99,11399.62,completed,CUS-2273,jessica.smith24@gmail.com,268-42-9146
ORD-0425,2024-11-22,South,Product B,Online,Alice Johnson,18,149.99,2699.82,pending,CUS-7653,matt.williams86@gmail.com,328-92-8776
ORD-0426,2024-11-22,West,Product A,Online,Emily Davis,26,299.99,7799.74,completed,CUS-2096,david.miller60@gmail.com,466-25-5886
ORD-0427,2024-11-22,North,Product A,Retail,Jane Smith,6,299.99,1799.94,completed,CUS-9002,mike.davis75@gmail.com,746-35-4935
ORD-0428,2024-11-23,West,Product B,Retail,Chris Wilson,4,149.99,599.96,pending,CUS-5247,susan.williams41@gmail.com,623-81-7875
ORD-0429,2024-11-23,South,Product A,Online,Chris Wilson,44,299.99,13199.56,completed,CUS-6314,amanda.johnson65@gmail.com,984-78-8856
ORD-0430,2024-11-24,West,Product A,Wholesale,Emily Davis,29,299.99,8699.71,completed,CUS-4354,sarah.miller17@gmail.com,381-14-4022
ORD-0431,2024-11-25,North,Product B,Retail,Chris Wilson,34,149.99,5099.66,completed,CUS-1270,jessica.miller89@gmail.com,368-37-6738
ORD-0432,2024-11-25,West,Product C,Online,Sarah Taylor,17,499.99,8499.83,completed,CUS-2186,ashley.davis67@gmail.com,890-27-9989
ORD-0433,2024-11-26,East,Product B,Retail,Emily Davis,43,149.99,6449.57,pending,CUS-7305,ashley.miller19@gmail.com,893-25-7694
ORD-0434,2024-11-27,North,Product A,Wholesale,John Doe,43,299.99,12899.57,completed,CUS-3398,david.johnson35@gmail.com,765-57-1752
ORD-0435,2024-11-27,North,Product B,Online,David Anderson,16,149.99,2399.84,completed,CUS-7995,sarah.smith52@gmail.com,521-11-2392
ORD-0436,2024-11-28,West,Product A,Retail,Michael Brown,2,299.99,599.98,completed,CUS-8299,chris.davis37@gmail.com,745-55-1677
ORD-0437,2024-11-28,West,Product A,Wholesale,Laura Thomas,34,299.99,10199.66,completed,CUS-5182,john.williams1@gmail.com,205-97-5753
ORD-0438,2024-11-28,North,Product C,Retail,James Jackson,8,499.99,3999.92,completed,CUS-3230,chris.brown16@gmail.com,524-81-7985
ORD-0439,2024-11-28,East,Product A,Wholesale,Chris Wilson,13,299.99,3899.87,pending,CUS-7511,jessica.wilson26@gmail.com,884-71-4257
ORD-0440,2024-12-01,West,Product A,Wholesale,John Doe,42,299.99,12599.58,completed,CUS-1128,john.jones74@gmail.com,169-87-5869
ORD-0441,2024-12-02,West,Product C,Online,Alice Johnson,8,499.99,3999.92,completed,CUS-4672,john.moore59@gmail.com,637-48-4981
ORD-0442,2024-12-02,West,Product B,Wholesale,Alice Johnson,30,149.99,4499.7,completed,CUS-5765,matt.miller44@gmail.com,377-60-6782
ORD-0443,2024-12-02,East,Product B,Retail,James Jackson,32,149.99,4799.68,completed,CUS-4970,chris.miller79@gmail.com,554-59-1600
ORD-0444,2024-12-02,South,Product A,Wholesale,Michael Brown,36,299.99,10799.64,completed,CUS-8545,sarah.jones78@gmail.com,752-94-7376
ORD-0445,2024-12-02,North,Product A,Wholesale,Chris Wilson,47,299.99,14099.53,completed,CUS-6552,matt.williams2@gmail.com,493-64-1250
ORD-0446,2024-12-03,North,Product A,Online,Sarah Taylor,30,299.99,8999.7,completed,CUS-1627,amanda.johnson81@gmail.com,620-88-4123
ORD-0447,2024-12-03,East,Product A,Wholesale,James Jackson,1,299.99,299.99,completed,CUS-7589,chris.davis22@gmail.com,997-34-9417
ORD-0448,2024-12-03,East,Product C,Wholesale,Michael Brown,43,499.99,21499.57,completed,CUS-3044,david.jones1@gmail.com,150-67-6153
ORD-0449,2024-12-04,North,Product C,Retail,Chris Wilson,39,499.99,19499.61,completed,CUS-3341,jessica.brown58@gmail.com,902-12-8610
ORD-0450,2024-12-04,West,Product C,Online,John Doe,17,499.99,8499.83,completed,CUS-6884,jessica.williams18@gmail.com,937-57-9895
ORD-0451,2024-12-04,East,Product C,Online,David Anderson,20,499.99,9999.8,completed,CUS-9185,jessica.smith23@gmail.com,596-28-3370
ORD-0452,2024-12-05,South,Product B,Online,Sarah Taylor,24,149.99,3599.76,pending,CUS-1249,matt.taylor77@gmail.com,309-82-6579
ORD-0453,2024-12-05,South,Product C,Wholesale,Laura Thomas,50,499.99,24999.5,completed,CUS-3925,matt.taylor97@gmail.com,232-76-7794
ORD-0454,2024-12-05,South,Product A,Online,Alice Johnson,22,299.99,6599.78,refunded,CUS-6043,susan.miller64@gmail.com,220-77-1964
ORD-0455,2024-12-05,North,Product B,Wholesale,Jane Smith,29,149.99,4349.71,completed,CUS-1974,david.brown61@gmail.com,228-72-3076
ORD-0456,2024-12-06,North,Product B,Wholesale,John Doe,22,149.99,3299.78,completed,CUS-8192,sarah.miller97@gmail.com,821-21-9524
ORD-0457,2024-12-06,North,Product A,Retail,Alice Johnson,44,299.99,13199.56,refunded,CUS-3672,matt.davis80@gmail.com,396-11-2316
ORD-0458,2024-12-06,North,Product A,Retail,Emily Davis,9,299.99,2699.91,completed,CUS-8279,amanda.williams79@gmail.com,272-89-4170
ORD-0459,2024-12-07,South,Product D,Retail,Jane Smith,37,89.99,3329.63,refunded,CUS-8531,mike.miller29@gmail.com,505-20-1028
ORD-0460,2024-12-07,South,Product A,Retail,Alice Johnson,10,299.99,2999.9,completed,CUS-9662,sarah.smith41@gmail.com,595-24-3024
ORD-0461,2024-12-08,North,Product A,Retail,Michael Brown,36,299.99,10799.64,completed,CUS-2987,david.miller71@gmail.com,398-89-6791
ORD-0462,2024-12-08,East,Product B,Wholesale,Sarah Taylor,37,149.99,5549.63,completed,CUS-1090,mike.taylor32@gmail.com,163-11-4735
ORD-0463,2024-12-08,North,Product C,Wholesale,Alice Johnson,28,499.99,13999.72,completed,CUS-9721,sarah.miller1@gmail.com,314-75-2906
ORD-0464,2024-12-10,West,Product B,Online,Laura Thomas,28,149.99,4199.72,completed,CUS-5059,susan.davis10@gmail.com,331-35-5601
ORD-0465,2024-12-10,West,Product C,Wholesale,David Anderson,42,499.99,20999.58,completed,CUS-3773,matt.taylor98@gmail.com,433-34-2460
ORD-0466,2024-12-11,North,Product A,Wholesale,Michael Brown,43,299.99,12899.57,completed,CUS-9383,susan.brown60@gmail.com,422-27-2416
ORD-0467,2024-12-11,South,Product B,Retail,John Doe,21,149.99,3149.79,completed,CUS-8409,john.smith74@gmail.com,905-96-2428
ORD-0468,2024-12-11,North,Product A,Wholesale,John Doe,24,299.99,7199.76,completed,CUS-5440,mike.taylor51@gmail.com,382-79-4071
ORD-0469,2024-12-13,South,Product C,Retail,John Doe,42,499.99,20999.58,completed,CUS-8347,ashley.moore32@gmail.com,655-37-2040
ORD-0470,2024-12-14,East,Product B,Online,John Doe,40,149.99,5999.6,refunded,CUS-2008,john.johnson58@gmail.com,738-49-3553
ORD-0471,2024-12-14,North,Product A,Online,David Anderson,2,299.99,599.98,completed,CUS-4783,sarah.jones71@gmail.com,855-12-1075
ORD-0472,2024-12-15,South,Product A,Wholesale,Alice Johnson,8,299.99,2399.92,pending,CUS-7646,david.miller60@gmail.com,330-85-6057
ORD-0473,2024-12-15,North,Product A,Online,Chris Wilson,48,299.99,14399.52,pending,CUS-5298,jessica.taylor97@gmail.com,347-55-3773
ORD-0474,2024-12-17,North,Product A,Wholesale,Alice Johnson,27,299.99,8099.73,completed,CUS-5668,amanda.moore48@gmail.com,314-39-1392
ORD-0475,2024-12-17,East,Product A,Online,Emily Davis,22,299.99,6599.78,completed,CUS-5287,chris.davis41@gmail.com,184-20-6188
ORD-0476,2024-12-17,North,Product B,Retail,Sarah Taylor,37,149.99,5549.63,completed,CUS-3052,ashley.wilson97@gmail.com,710-75-4998
ORD-0477,2024-12-17,South,Product B,Retail,Jane Smith,27,149.99,4049.73,completed,CUS-7009,john.wilson57@gmail.com,772-48-4677
ORD-0478,2024-12-19,South,Product A,Retail,Chris Wilson,29,299.99,8699.71,completed,CUS-2716,sarah.moore62@gmail.com,273-46-7363
ORD-0479,2024-12-19,West,Product A,Retail,Chris Wilson,3,299.99,899.97,completed,CUS-1310,ashley.moore68@gmail.com,130-20-2400
ORD-0480,2024-12-19,North,Product A,Wholesale,Alice Johnson,44,299.99,13199.56,completed,CUS-5538,john.smith50@gmail.com,229-36-3786
ORD-0481,2024-12-19,South,Product D,Online,Chris Wilson,13,89.99,1169.87,completed,CUS-2260,ashley.taylor75@gmail.com,101-30-3739
ORD-0482,2024-12-20,East,Product A,Wholesale,James Jackson,45,299.99,13499.55,completed,CUS-4932,chris.brown18@gmail.com,440-29-8422
ORD-0483,2024-12-20,South,Product C,Retail,James Jackson,10,499.99,4999.9,completed,CUS-1584,matt.wilson74@gmail.com,416-47-1659
ORD-0484,2024-12-20,West,Product C,Wholesale,Emily Davis,36,499.99,17999.64,completed,CUS-8616,john.johnson42@gmail.com,636-11-3975
ORD-0485,2024-12-20,East,Product B,Online,Jane Smith,9,149.99,1349.91,completed,CUS-9551,susan.brown45@gmail.com,125-79-9184
ORD-0486,2024-12-21,East,Product D,Wholesale,Laura Thomas,27,89.99,2429.73,completed,CUS-3866,sarah.smith73@gmail.com,422-10-1818
ORD-0487,2024-12-21,East,Product A,Online,David Anderson,34,299.99,10199.66,completed,CUS-6898,john.jones82@gmail.com,872-22-8727
ORD-0488,2024-12-22,West,Product D,Wholesale,Alice Johnson,1,89.99,89.99,completed,CUS-3011,susan.wilson47@gmail.com,924-44-7475
ORD-0489,2024-12-23,West,Product A,Online,David Anderson,32,299.99,9599.68,completed,CUS-7251,david.brown19@gmail.com,705-14-3017
ORD-0490,2024-12-24,East,Product A,Online,Laura Thomas,25,299.99,7499.75,completed,CUS-5939,amanda.jones26@gmail.com,889-86-5792
ORD-0491,2024-12-24,East,Product C,Retail,Alice Johnson,29,499.99,14499.71,completed,CUS-5006,david.taylor26@gmail.com,786-63-3434
ORD-0492,2024-12-24,North,Product D,Online,Alice Johnson,7,89.99,629.93,completed,CUS-2625,john.johnson96@gmail.com,991-62-2438
ORD-0493,2024-12-24,North,Product C,Retail,Jane Smith,49,499.99,24499.51,completed,CUS-1890,chris.williams66@gmail.com,168-97-2781
ORD-0494,2024-12-24,South,Product A,Retail,David Anderson,3,299.99,899.97,completed,CUS-7078,john.taylor19@gmail.com,260-81-3263
ORD-0495,2024-12-25,North,Product A,Retail,James Jackson,20,299.99,5999.8,completed,CUS-8036,john.smith76@gmail.com,311-25-8027
ORD-0496,2024-12-25,South,Product D,Wholesale,John Doe,20,89.99,1799.8,completed,CUS-9923,john.wilson63@gmail.com,431-86-9044
ORD-0497,2024-12-25,North,Product A,Wholesale,David Anderson,30,299.99,8999.7,completed,CUS-4961,mike.smith55@gmail.com,650-98-1727
ORD-0498,2024-12-26,North,Product C,Wholesale,Sarah Taylor,35,499.99,17499.65,pending,CUS-3504,amanda.williams72@gmail.com,979-56-4243
ORD-0499,2024-12-27,East,Product C,Wholesale,Sarah Taylor,35,499.99,17499.65,completed,CUS-9806,susan.jones7@gmail.com,748-96-8135
ORD-0500,2024-12-27,West,Product B,Online,Alice Johnson,49,149.99,7349.51,completed,CUS-4806,susan.wilson61@gmail.com,626-45-8492
